"Country Name","Country Code","Indicator Name","Indicator Code","1960","1961","1962","1963","1964","1965","1966","1967","1968","1969","1970","1971","1972","1973","1974","1975","1976","1977","1978","1979","1980","1981","1982","1983","1984","1985","1986","1987","1988","1989","1990","1991","1992","1993","1994","1995","1996","1997","1998","1999","2000","2001","2002","2003","2004","2005","2006","2007","2008","2009","2010","2011","2012","2013","2014","2015","2016",
"Aruba","ABW","Central government debt, total (% of GDP)","GC.DOD.TOTL.GD.ZS","","","","","","","","","","","","","","","","","","","","","","","","","","","","","","","","","","","","","","","","","","","","","","","","","","","","","","","","","",
"Afghanistan","AFG","Central government debt, total (% of GDP)","GC.DOD.TOTL.GD.ZS","","","","","","","","","","","","","","","","","","","","","","","","","","","","","","","","","","","","","","","","","","","","","","","","","","","","","","","","","",
"Angola","AGO","Central government debt, total (% of GDP)","GC.DOD.TOTL.GD.ZS","","","","","","","","","","","","","","","","","","","","","","","","","","","","","","","","","","","","","","","","","","","","","","","","","","","","","","","","","",
"Albania","ALB","Central government debt, total (% of GDP)","GC.DOD.TOTL.GD.ZS","","","","","","","","","","","","","","","","","","","","","","","","","","","","","","","","","","","","35.2888834429933","36.1778716055524","50.8261396015697","52.2577922609753","","","","","","","","","","","","","","","70.3583452575361","73.3667623917981","","",
"Andorra","AND","Central government debt, total (% of GDP)","GC.DOD.TOTL.GD.ZS","","","","","","","","","","","","","","","","","","","","","","","","","","","","","","","","","","","","","","","","","","","","","","","","","","","","","","","","","",
"Arab World","ARB","Central government debt, total (% of GDP)","GC.DOD.TOTL.GD.ZS","","","","","","","","","","","","","","","","","","","","","","","","","","","","","","","","","","","","","","","","","","","","","","","","","","","","","","","","","",
"United Arab Emirates","ARE","Central government debt, total (% of GDP)","GC.DOD.TOTL.GD.ZS","","","","","","","","","","","","","","","","","","","","","","","","","","","","","","","","","","","","","","","","","","","","","","","","","","","","","","1.90087554977549","","","",
"Argentina","ARG","Central government debt, total (% of GDP)","GC.DOD.TOTL.GD.ZS","","","","","","","","","","","","","","","","","","","","","","","","","","","","","","","","","","","","","","","","","","","","","","","","","","","","","","","","","",
"Armenia","ARM","Central government debt, total (% of GDP)","GC.DOD.TOTL.GD.ZS","","","","","","","","","","","","","","","","","","","","","","","","","","","","","","","","","","","","","","","","","","","","","","","","","","","","","","","","","",
"American Samoa","ASM","Central government debt, total (% of GDP)","GC.DOD.TOTL.GD.ZS","","","","","","","","","","","","","","","","","","","","","","","","","","","","","","","","","","","","","","","","","","","","","","","","","","","","","","","","","",
"Antigua and Barbuda","ATG","Central government debt, total (% of GDP)","GC.DOD.TOTL.GD.ZS","","","","","","","","","","","","","","","","","","","","","","","","","","","","","","","","","","","","","","","","","101.901271908939","108.708451123558","115.057522761831","117.513735288627","135.564481231893","88.8518335610238","84.2706243364153","73.4906571174202","73.7689564859368","80.8170427850237","75.2890925941063","77.881732262796","72.4810646481255","77.4259812240692","86.6174091692038","","",
"Australia","AUS","Central government debt, total (% of GDP)","GC.DOD.TOTL.GD.ZS","","","","","","","","","","","","","","","","","","","","","","","","","","","","","","","12.2461555213494","11.9335125296819","14.1570531084561","17.884397073663","20.1885923084341","","","","","31.1444063052707","29.6097637757141","27.4496930749368","25.3035620424005","24.6521880307723","22.6057340591901","22.5523117289943","21.6548338202006","20.2724640922419","18.28626416773","24.0018934268021","29.2400244951553","30.5135780024755","40.4096305062822","38.3391837878014","42.5642473558891","","",
"Austria","AUT","Central government debt, total (% of GDP)","GC.DOD.TOTL.GD.ZS","","","","","","","","","","","","","","","","","","","","","","","","","","","","","","","","","","","","","","","","","","","","","","","","","","","79.4083037055265","80.1487203394301","85.3668438294817","83.4986801450478","","","",
"Azerbaijan","AZE","Central government debt, total (% of GDP)","GC.DOD.TOTL.GD.ZS","","","","","","","","","","","","","","","","","","","","","","","","","","","","","","","","","","","","","","","","","","","","","","","","","4.57653797474662","6.29501240116287","6.38557579182856","","","","","","",
"Burundi","BDI","Central government debt, total (% of GDP)","GC.DOD.TOTL.GD.ZS","","","","","","","","","","","","","","","","","","","","","","","","","","","","","","","","88.7936648764972","103.991579904102","117.630979428415","117.012589933937","128.919219059812","144.097681489928","134.247082847141","151.277211394303","162.561440491875","","","","","","","","","","","","","","","","","",
"Belgium","BEL","Central government debt, total (% of GDP)","GC.DOD.TOTL.GD.ZS","","","","","","","","","","","","","","","","","","","","","","","","","","","","","","","3.46406246094191","4.07376080977876","4.04342716255275","4.4884981151944","4.57192485669401","4.63476734723967","4.88232047064402","5.78084486922304","5.74729113785857","6.20019981492552","6.46536700978228","6.74465100809516","6.69045255105064","6.88615943092983","6.99998125277024","7.04666226618142","6.80244203413864","6.62267831888893","6.75764031498091","7.22229501541225","7.02261432126223","7.59140642083764","8.10841081073269","","","","",
"Benin","BEN","Central government debt, total (% of GDP)","GC.DOD.TOTL.GD.ZS","","","","","","","","","","","","","","","","","","","","","","","","","","","","","","","","","","","","","","","","","","","","","","","","","","","","","","","","","",
"Burkina Faso","BFA","Central government debt, total (% of GDP)","GC.DOD.TOTL.GD.ZS","","","","","","","","","","","","","","","","","","","","","","","","","","","","","","","","","","","","","","","","","","","","","","","","","","","","","","","","","",
"Bangladesh","BGD","Central government debt, total (% of GDP)","GC.DOD.TOTL.GD.ZS","","","","","","","","","","","","","","","","","","","","","","","","","","","","","","","","","","","","","","","","","","31.4618431575804","31.863991518402","31.2044521104432","","","","","","","","","","","","","",
"Bulgaria","BGR","Central government debt, total (% of GDP)","GC.DOD.TOTL.GD.ZS","","","","","","","","","","","","","","","","","","","","","","","","","","","","","","","","","","","","","","","","","","","","","","","","","","12.9633622101085","14.0877460459853","14.4036157723719","17.0979644921078","","","","",
"Bahrain","BHR","Central government debt, total (% of GDP)","GC.DOD.TOTL.GD.ZS","","","","","","","","","","","","","","","","","","","","","","","","","","","","","","","8.72736418511066","16.3795586794953","21.2998208687864","19.347414718969","17.8800029674213","16.986451622554","15.8131027247135","16.9605823750437","21.1646810889854","23.6915052697933","25.7449922277885","27.1047507060702","28.2658072668444","32.4533334441207","29.3985431420081","","20.2537403526926","7.54545632569935","7.29263319916957","15.6294022913075","30.3067895852274","35.9360986783734","","43.9378397574793","","","",
"Bahamas, The","BHS","Central government debt, total (% of GDP)","GC.DOD.TOTL.GD.ZS","","","","","","","","","","","","","","","","","","","","","","","","","","","","","","","","","","","","","","","","","","","","","","","","","","","","","","","","","",
"Bosnia and Herzegovina","BIH","Central government debt, total (% of GDP)","GC.DOD.TOTL.GD.ZS","","","","","","","","","","","","","","","","","","","","","","","","","","","","","","","","","","","","","","","","","","","","","","","","","","","","45.8725272457137","49.1458416935329","","","","",
"Belarus","BLR","Central government debt, total (% of GDP)","GC.DOD.TOTL.GD.ZS","","","","","","","","","","","","","","","","","","","","","","","","","","","","","","","","","25.6354786371011","5.18613242398409","75.954859159679","16.8801162413326","11.5201168478601","12.1714657548549","20.1805397650197","15.1031189462403","15.0144518163306","11.440616774975","12.3366860124798","","","6.57022058767027","6.64440183178372","8.9092608163614","10.6566343685377","19.1851840087147","19.5937150566787","40.7548518783124","25.224401368516","24.6296972149743","25.4225924145223","38.8690173347019","",
"Belize","BLZ","Central government debt, total (% of GDP)","GC.DOD.TOTL.GD.ZS","","","","","","","","","","","","","","","","","","","","","","","","","","","","","","","28.0634305774119","28.6434802063992","32.960172244819","35.3265313139531","37.1674972975588","36.3108902435642","38.8322873137738","","","","","","67.2689137874747","87.9989242199696","103.990895977322","92.2030346613413","87.6590062024538","84.7394269042862","78.7395484195155","81.9089042320514","80.0963074741688","76.7766975397269","74.4711439434734","76.5271550555984","75.9657763812499","","",
"Bermuda","BMU","Central government debt, total (% of GDP)","GC.DOD.TOTL.GD.ZS","","","","","","","","","","","","","","","","","","","","","","","","","","","","","","","","","","","","","","","","","","","","","","","","","","","","","","","","","",
"Bolivia","BOL","Central government debt, total (% of GDP)","GC.DOD.TOTL.GD.ZS","","","","","","","","","","","","","","","","","","","","","","","","","","","","","","","","","","","59.1717239568102","57.411379214187","47.8828063678676","46.5365055204049","47.0751922918139","56.2575827502911","60.1091978561596","68.339852256336","","","","","","","","","","","","","","","",
"Brazil","BRA","Central government debt, total (% of GDP)","GC.DOD.TOTL.GD.ZS","","","","","","","","","","","","","","","","","","","","","","","","","","","","","","","","","","","","","","","","","","","","","","","63.9523542717218","62.4516820616242","60.6559322246457","63.8078150877277","61.3187646811224","59.3786174503498","59.9596768422512","57.3916406311277","59.3992277946917","","",
"Barbados","BRB","Central government debt, total (% of GDP)","GC.DOD.TOTL.GD.ZS","","","","","","","","","","","","","","","","","","","","","","","","","","","","","","","","","","","","","","","","","","","","","","62.5154985867173","61.1233206831751","68.7067702013255","74.0605950928631","84.317444074612","97.5150074184049","107.117546949748","120.009298007019","128.915401352788","","","",
"Brunei Darussalam","BRN","Central government debt, total (% of GDP)","GC.DOD.TOTL.GD.ZS","","","","","","","","","","","","","","","","","","","","","","","","","","","","","","","","","","","","","","","","","","","","","","","","","","","","","","","","","",
"Bhutan","BTN","Central government debt, total (% of GDP)","GC.DOD.TOTL.GD.ZS","","","","","","","","","","","","","","","","","","","","","","","","","","","","","","","51.1880192526389","47.4653512960086","45.4804885550539","39.3324210003702","32.9392012291965","27.08988148767","36.299846850237","30.7408747223376","29.969266259208","34.3907413132198","39.1259100037186","69.9474057236416","56.368965196401","68.7892850163564","75.2359487498992","79.5339171539796","74.8832369378622","62.7952543120532","60.4102550051147","56.7763136832133","54.8829606742348","62.5299587992937","72.5156742224457","96.1392467526552","90.6514490680559","","",
"Botswana","BWA","Central government debt, total (% of GDP)","GC.DOD.TOTL.GD.ZS","","","","","","","","","","","","","","","","","","","","","","","","","","","","","","","11.3711032492715","12.1168020575228","12.5321505732804","12.4450599461028","12.0423976352474","10.972076070214","11.1567555492122","","","","","","","","","","","","","","21.630458294179","19.8577826569864","18.8503140154576","","","","",
"Central African Republic","CAF","Central government debt, total (% of GDP)","GC.DOD.TOTL.GD.ZS","","","","","","","","","","","","","","","","","","","","","","","","","","","","","","","","","","","","","","","","","","","","","","","","","","","","","","","","","",
"Canada","CAN","Central government debt, total (% of GDP)","GC.DOD.TOTL.GD.ZS","","","","","","","","","","","","","","","","","","","","","","","","","","","","","","","61.7797768244307","67.472717314048","70.7247992022558","75.2209216124458","75.9662675568424","77.3549922615091","78.1025713428928","75.0066932034667","72.1942398071045","66.0424149987655","58.5020591810447","57.0877812898672","53.7877947155497","50.9576386750539","46.5480949955603","45.6753148138216","42.9036990176296","38.7823063020008","43.7322851699686","52.1541568173336","52.265495318961","53.011940639192","54.7753795243383","51.8718756490485","50.704014053419","54.7872018587316","",
"Central Europe and the Baltics","CEB","Central government debt, total (% of GDP)","GC.DOD.TOTL.GD.ZS","","","","","","","","","","","","","","","","","","","","","","","","","","","","","","","","","","","","","","27.306197440649","25.5452115426364","26.357444143282","30.9862780374532","","","40.5955723922129","41.3631388552944","42.616572481458","43.269746396729","41.0206677007836","42.6671761007316","45.4972914175912","46.3879700492901","48.6919687054127","52.498791547092","54.2643772404899","","","",
"Switzerland","CHE","Central government debt, total (% of GDP)","GC.DOD.TOTL.GD.ZS","","","","","","","","","","","","","","","","","","","","","","","","","","","","","","","","11.7577134576861","14.5031772762966","17.8187075803349","18.9640335876975","20.3281105912404","21.7024875746036","23.3322198266827","25.6326073058814","23.4816230244863","23.5642895637742","22.7158312664923","32.7869371166365","31.9643815594114","36.2674313046385","38.2580164374097","33.7070647484059","28.6027139100571","26.20416344062","24.4153427713153","23.8086846116249","24.2698741617683","","","","","",
"Channel Islands","CHI","Central government debt, total (% of GDP)","GC.DOD.TOTL.GD.ZS","","","","","","","","","","","","","","","","","","","","","","","","","","","","","","","","","","","","","","","","","","","","","","","","","","","","","","","","","",
"Chile","CHL","Central government debt, total (% of GDP)","GC.DOD.TOTL.GD.ZS","","","","","","","","","","","","","","","","","","","","","","","","","","","","","","","","","","","","","","","","","","","","","","","","","","","","","","","","","",
"China","CHN","Central government debt, total (% of GDP)","GC.DOD.TOTL.GD.ZS","","","","","","","","","","","","","","","","","","","","","","","","","","","","","","","","","","","","","","","","","","","","","","","","","","","","","","","","","",
"Cote d'Ivoire","CIV","Central government debt, total (% of GDP)","GC.DOD.TOTL.GD.ZS","","","","","","","","","","","","","","","","","","","","","","","","","","","","","","","","","","","","171.065442627283","","","","","","","","","","","","","","","","","","","","","",
"Cameroon","CMR","Central government debt, total (% of GDP)","GC.DOD.TOTL.GD.ZS","","","","","","","","","","","","","","","","","","","","","","","","","","","","","","","","","","","","","","","","","","","","","","","","","","","","","","","","","",
"Congo, Dem. Rep.","COD","Central government debt, total (% of GDP)","GC.DOD.TOTL.GD.ZS","","","","","","","","","","","","","","","","","","","","","","","","","","","","","","","289.844727084861","120.30218039096","128.77522999707","103.98722362931","169.786580536823","232.936235755677","243.595506269697","152.187001902338","","","","","","","","","","","","","","","","","","","",
"Congo, Rep.","COG","Central government debt, total (% of GDP)","GC.DOD.TOTL.GD.ZS","","","","","","","","","","","","","","","","","","","","","","","","","","","","","","","","","","","","","","","","283.745256330642","","","","0.213918151392854","","","","","","","","","","","","","",
"Colombia","COL","Central government debt, total (% of GDP)","GC.DOD.TOTL.GD.ZS","","","","","","","","","","","","","","","","","","","","","","","","","","","","","","","","","","","","","","","5.40391553558507","19.0653505130053","17.7090216321065","","","52.5354205952832","","","","","64.764938539743","68.5788424549152","72.337792613229","62.7718109499856","65.4503129801084","58.6254413063351","","","",
"Comoros","COM","Central government debt, total (% of GDP)","GC.DOD.TOTL.GD.ZS","","","","","","","","","","","","","","","","","","","","","","","","","","","","","","","","","","","","","","","","","","","","","","","","","","","","","","","","","",
"Cabo Verde","CPV","Central government debt, total (% of GDP)","GC.DOD.TOTL.GD.ZS","","","","","","","","","","","","","","","","","","","","","","","","","","","","","","","","","","","","","","","","","","","","","","","","","","","","","","","","","",
"Costa Rica","CRI","Central government debt, total (% of GDP)","GC.DOD.TOTL.GD.ZS","","","","","","","","","","","","","","","","","","","","","","","","","","","","","","","","","","","","","30.2540039315702","30.3293746106931","40.4024772000826","40.2721730158835","38.6669745554812","39.4903699636403","","","","","","","","","","","","","","","",
"Caribbean small states","CSS","Central government debt, total (% of GDP)","GC.DOD.TOTL.GD.ZS","","","","","","","","","","","","","","","","","","","","","","","","","","","","","","","","","","","","","","","","","","","","","","","56.996227413711","55.4687913394909","","","","","","","","","",
"Cuba","CUB","Central government debt, total (% of GDP)","GC.DOD.TOTL.GD.ZS","","","","","","","","","","","","","","","","","","","","","","","","","","","","","","","","","","","","","","","","","","","","","","","","","","","","","","","","","",
"Curacao","CUW","Central government debt, total (% of GDP)","GC.DOD.TOTL.GD.ZS","","","","","","","","","","","","","","","","","","","","","","","","","","","","","","","","","","","","","","","","","","","","","","","","","","","","","","","","","",
"Cayman Islands","CYM","Central government debt, total (% of GDP)","GC.DOD.TOTL.GD.ZS","","","","","","","","","","","","","","","","","","","","","","","","","","","","","","","","","","","","","","","","","","","","","","","","","","","","","","","","","",
"Cyprus","CYP","Central government debt, total (% of GDP)","GC.DOD.TOTL.GD.ZS","","","","","","","","","","","","","","","","","","","","","","","","","","","","","","","86.6187458378789","96.3842337020678","95.8339898010768","100.330442275555","91.6683134055663","","","","","","","","","","","","","","","","92.6884116168813","102.909417113085","119.217650382699","145.854665474495","","","",
"Czech Republic","CZE","Central government debt, total (% of GDP)","GC.DOD.TOTL.GD.ZS","","","","","","","","","","","","","","","","","","","","","","","","","","","","","","","","","","16.0032484073289","14.240818470208","12.3343554108404","10.2240290584579","9.79808130912077","9.79395469122141","10.9085951816922","12.6453766495408","14.2120413832556","14.80785782279","17.5304328951939","19.2633909590994","21.0736924688119","22.6634248906015","23.1247352758572","24.4160528133815","29.5898824705934","33.5564519984187","36.2587712937449","40.6395508079978","40.6129335150098","38.2096612806746","","",
"Germany","DEU","Central government debt, total (% of GDP)","GC.DOD.TOTL.GD.ZS","","","","","","","","","","","","","","","","","","","","","","","","","","","","","","","21.0100829162179","","","","","","","","","","","","","","","","","","","","53.8479725277707","53.3842374737341","55.1597746405343","52.2333559782609","","","",
"Djibouti","DJI","Central government debt, total (% of GDP)","GC.DOD.TOTL.GD.ZS","","","","","","","","","","","","","","","","","","","","","","","","","","","","","","","","","","","","","","","","","","","","","","","","","","","","","","","","","",
"Dominica","DMA","Central government debt, total (% of GDP)","GC.DOD.TOTL.GD.ZS","","","","","","","","","","","","","","","","","","","","","","","","","","","","","","","","","","","","","","","","","","","79.5258936243836","78.8471745406462","68.6146520892238","77.51","74.8861480075901","66.9851530453854","60.560328538974","53.6872112222281","56.6920660582683","54.6393954410271","65.225290296065","64.1721529307136","64.3174570896144","","",
"Denmark","DNK","Central government debt, total (% of GDP)","GC.DOD.TOTL.GD.ZS","","","","","","","","","","","","","","","","","","","","","","","","","","","","","","","","62.2515262939471","66.7256164290274","78.3665134729547","75.2699971290073","","","","","","","","","","","","","","","","43.0315197684484","49.9151850874112","48.9555806387358","46.1496595780449","","","",
"Dominican Republic","DOM","Central government debt, total (% of GDP)","GC.DOD.TOTL.GD.ZS","","","","","","","","","","","","","","","","","","","","","","","","","","","","","","","","","","","","","21.0872018656025","17.9504773454499","","16.7403597954648","","","","","","","","","","","","","","","","","",
"Algeria","DZA","Central government debt, total (% of GDP)","GC.DOD.TOTL.GD.ZS","","","","","","","","","","","","","","","","","","","","","","","","","","","","","","","","","","","68.8616825279407","99.5659081603643","85.8360697984359","75.0533798466763","74.680407127762","80.4982377144541","62.0678071644733","56.9632262737422","47.3337896462774","","","","","","","","","","","","","","",
"East Asia & Pacific (excluding high income)","EAP","Central government debt, total (% of GDP)","GC.DOD.TOTL.GD.ZS","","","","","","","","","","","","","","","","","","","","","","","","","","","","","","","","","","","","","","","","","","","","","","","","","","","","","","","","","",
"Early-demographic dividend","EAR","Central government debt, total (% of GDP)","GC.DOD.TOTL.GD.ZS","","","","","","","","","","","","","","","","","","","","","","","","","","","","","","","","","","","","","","","","","","","","","","","","","","","","","","","","","",
"East Asia & Pacific","EAS","Central government debt, total (% of GDP)","GC.DOD.TOTL.GD.ZS","","","","","","","","","","","","","","","","","","","","","","","","","","","","","","","","","","","","","","","","","","","","","","","","","","","","","","","","","",
"Europe & Central Asia (excluding high income)","ECA","Central government debt, total (% of GDP)","GC.DOD.TOTL.GD.ZS","","","","","","","","","","","","","","","","","","","","","","","","","","","","","","","","","","","","","","","103.271632967872","","","","","","","","","","18.1687565630997","23.0213412375258","22.9057306323903","22.477212234179","22.2634242268614","21.4610371629105","22.498599727197","","",
"Europe & Central Asia","ECS","Central government debt, total (% of GDP)","GC.DOD.TOTL.GD.ZS","","","","","","","","","","","","","","","","","","","","","","","","","","","","","","","","","","","","","","","","","","","","","","","","","","","62.2715367774913","64.3086694061041","73.1658652200327","75.9668877624483","","","",
"Ecuador","ECU","Central government debt, total (% of GDP)","GC.DOD.TOTL.GD.ZS","","","","","","","","","","","","","","","","","","","","","","","","","","","","","","","","","","","","","","","","","","","","","","","","","","","","","","","","","",
"Egypt, Arab Rep.","EGY","Central government debt, total (% of GDP)","GC.DOD.TOTL.GD.ZS","","","","","","","","","","","","","","","","","","","","","","","","","","","","","","","","","","","","","","","","","","","","","","","","85.7885338345865","","","","","","","","","",
"Euro area","EMU","Central government debt, total (% of GDP)","GC.DOD.TOTL.GD.ZS","","","","","","","","","","","","","","","","","","","","","","","","","","","","","","","","","","","","","","","","","","","","","","","","","","","70.9043811073391","71.6517259681999","82.5965518300794","88.1112880665101","","","",
"Eritrea","ERI","Central government debt, total (% of GDP)","GC.DOD.TOTL.GD.ZS","","","","","","","","","","","","","","","","","","","","","","","","","","","","","","","","","","","","","","","","","","","","","","","","","","","","","","","","","",
"Spain","ESP","Central government debt, total (% of GDP)","GC.DOD.TOTL.GD.ZS","","","","","","","","","","","","","","","","","","","","","","","","","","","","","","","35.22800390997","35.2608890680251","37.0848614104403","46.826005463672","48.2356505098531","55.3985415605536","61.0846090985098","60.6768830099083","61.0415825630548","55.9459969551552","53.4387642676983","49.1755854576229","47.542865576921","42.8489095883864","40.9465758547515","37.9585126677742","33.7246779841544","29.7212172578453","33.8680021207536","46.080567654402","53.6144907129436","61.8320218457735","83.4509462112741","96.4723345683963","","","",
"Estonia","EST","Central government debt, total (% of GDP)","GC.DOD.TOTL.GD.ZS","","","","","","","","","","","","","","","","","","","","","","","","","","","","","","","","","","","","0.628433348390661","0.565510766853115","0.536487183838853","0.263660454293338","0.350529613446249","","","","","","","","","","","0.519274300094964","0.387819032042257","0.627895262933332","0.63413858376314","","","",
"Ethiopia","ETH","Central government debt, total (% of GDP)","GC.DOD.TOTL.GD.ZS","","","","","","","","","","","","","","","","","","","","","","","","","","","","","","","48.3529569208809","50.8858787649859","44.3811735667036","73.2874344892619","92.5041549448277","82.6296763565148","72.1500093626094","69.4216870598482","77.9616791099719","85.5546979166054","","","","","","","","","","","","","","","","","",
"European Union","EUU","Central government debt, total (% of GDP)","GC.DOD.TOTL.GD.ZS","","","","","","","","","","","","","","","","","","","","","","","","","","","","","","","","","","","","","","","","","","","","","","","","","","","69.9133923541523","72.7393761933996","81.7511170571397","85.4732881500862","","","",
"Fragile and conflict affected situations","FCS","Central government debt, total (% of GDP)","GC.DOD.TOTL.GD.ZS","","","","","","","","","","","","","","","","","","","","","","","","","","","","","","","","","","","","","","","","","","","","","","","","","","","","","","","","","",
"Finland","FIN","Central government debt, total (% of GDP)","GC.DOD.TOTL.GD.ZS","","","","","","","","","","","","","","","","","","","","","","","","","","","","","","","10.4697492426661","17.0031065923779","34.0788080381459","51.6006709400119","58.2352177727349","","","","","","","","","","","","","","","","46.8107963655799","47.8912373202485","52.4653015871427","53.5310665001131","","","",
"Fiji","FJI","Central government debt, total (% of GDP)","GC.DOD.TOTL.GD.ZS","","","","","","","","","","","","","","","","","","","","","","","","","","","","","","","","36.8418217433888","33.6867480345741","36.5528455284553","36.6378536147283","","","","","","","","","","","","","","","","","","","","","","",
"France","FRA","Central government debt, total (% of GDP)","GC.DOD.TOTL.GD.ZS","","","","","","","","","","","","","","","","","","","","","","","","","","","","","","","","","","","","","","","","","","","","","","","","","","","76.2784835082245","79.483451529755","88.9239643514465","88.5793492607987","","","",
"Faroe Islands","FRO","Central government debt, total (% of GDP)","GC.DOD.TOTL.GD.ZS","","","","","","","","","","","","","","","","","","","","","","","","","","","","","","","","","","","","","","","","","","","","","","","","","","","","","","","","","",
"Micronesia, Fed. Sts.","FSM","Central government debt, total (% of GDP)","GC.DOD.TOTL.GD.ZS","","","","","","","","","","","","","","","","","","","","","","","","","","","","","","","","","","","","","","","","","","","","","","","","","26.7928071367676","25.6959088814169","24.387045368309","25.2843282439673","27.2327998939341","26.4471499935387","23.477919150381","","",
"Gabon","GAB","Central government debt, total (% of GDP)","GC.DOD.TOTL.GD.ZS","","","","","","","","","","","","","","","","","","","","","","","","","","","","","","","","","","","","","","","","","","","","","","","","","","","","","","","","","",
"United Kingdom","GBR","Central government debt, total (% of GDP)","GC.DOD.TOTL.GD.ZS","","","","","","","","","","","","","","","","","","","","","","","","","","","","","","","30.2033709452908","29.1948960284953","30.3997500632281","35.3135500060757","40.4800884599488","44.631899274006","44.3292641953186","45.2712080140171","46.7498990113311","43.1029029430917","42.9417049154241","38.7324364723468","39.1724057947285","39.316543375221","42.6383696816704","44.6026951184415","44.2183665786415","45.2672628340377","55.7362880149746","69.7613426884174","83.1913352441653","96.89364320747","101.288801965799","97.8373878956956","109.660627277117","","",
"Georgia","GEO","Central government debt, total (% of GDP)","GC.DOD.TOTL.GD.ZS","","","","","","","","","","","","","","","","","","","","","","","","","","","","","","","","","","","","","","43.4057478905204","56.9044515955438","71.9371804721435","69.938113606046","66.6691828995276","64.9581962294659","53.8060493692922","43.8362208108595","40.923495728943","27.9581002971939","22.68712594988","27.0177714560862","34.611451760253","36.7997200916922","32.4597615412752","32.5306981139254","33.920660852604","35.3784896169107","41.3654700843913","",
"Ghana","GHA","Central government debt, total (% of GDP)","GC.DOD.TOTL.GD.ZS","","","","","","","","","","","","","","","","","","","","","","","","","","","","","","","","","","","","","","","","","","","","","","","","","","","","","","","","","",
"Gibraltar","GIB","Central government debt, total (% of GDP)","GC.DOD.TOTL.GD.ZS","","","","","","","","","","","","","","","","","","","","","","","","","","","","","","","","","","","","","","","","","","","","","","","","","","","","","","","","","",
"Guinea","GIN","Central government debt, total (% of GDP)","GC.DOD.TOTL.GD.ZS","","","","","","","","","","","","","","","","","","","","","","","","","","","","","","","","","","","","","","","","","","","","","","","","","","","","","","","","","",
"Gambia, The","GMB","Central government debt, total (% of GDP)","GC.DOD.TOTL.GD.ZS","","","","","","","","","","","","","","","","","","","","","","","","","","","","","","","","","","","","","","","","","","","","","","","","","","","","","","","","","",
"Guinea-Bissau","GNB","Central government debt, total (% of GDP)","GC.DOD.TOTL.GD.ZS","","","","","","","","","","","","","","","","","","","","","","","","","","","","","","","","","","","","","","","","","","","","","","","","","","","","","","","","","",
"Equatorial Guinea","GNQ","Central government debt, total (% of GDP)","GC.DOD.TOTL.GD.ZS","","","","","","","","","","","","","","","","","","","","","","","","","","","","","","","","","","","","","","","","","","","","","","","","","","","","","","","","","",
"Greece","GRC","Central government debt, total (% of GDP)","GC.DOD.TOTL.GD.ZS","","","","","","","","","","","","","","","","","","","","","","","","","","","","","","","","","","","","","","","","","","","","","","","","","","","132.418742483723","111.113002795702","165.477789379429","181.662458659441","","","",
"Grenada","GRD","Central government debt, total (% of GDP)","GC.DOD.TOTL.GD.ZS","","","","","","","","","","","","","","","","","","","","","","","","","","","","","","","","","","","","","","","","","","","","","","","","","","","","","","","","","",
"Greenland","GRL","Central government debt, total (% of GDP)","GC.DOD.TOTL.GD.ZS","","","","","","","","","","","","","","","","","","","","","","","","","","","","","","","","","","","","","","","","","","","","","","","","","","","","","","","","","",
"Guatemala","GTM","Central government debt, total (% of GDP)","GC.DOD.TOTL.GD.ZS","","","","","","","","","","","","","","","","","","","","","","","","","","","","","","","24.4806851423724","17.7517913078306","15.8312193134152","13.6225081203374","13.1619490409219","11.404999017517","11.2418328744629","11.3452176738095","11.2801678443371","13.4701885924417","16.9838230125754","19.9465031021357","18.3935997614179","20.7110411104936","21.7859460616703","21.2624786810494","21.8766768089602","21.6355735675022","20.0539450243947","23.0172339769662","24.4197869351702","24.1625898135525","24.3112735920671","24.8098746884355","","","",
"Guam","GUM","Central government debt, total (% of GDP)","GC.DOD.TOTL.GD.ZS","","","","","","","","","","","","","","","","","","","","","","","","","","","","","","","","","","","","","","","","","","","","","","","","","","","","","","","","","",
"Guyana","GUY","Central government debt, total (% of GDP)","GC.DOD.TOTL.GD.ZS","","","","","","","","","","","","","","","","","","","","","","","","","","","","","","","","","","","","","","","","","","","","","","","","","","","","","","","","","",
"High income","HIC","Central government debt, total (% of GDP)","GC.DOD.TOTL.GD.ZS","","","","","","","","","","","","","","","","","","","","","","","","","","","","","","","","","","","","","","","","","","","","","","","","","","","86.5042061044753","91.1883740365335","97.1053287723097","99.4709406505083","","","",
"Hong Kong SAR, China","HKG","Central government debt, total (% of GDP)","GC.DOD.TOTL.GD.ZS","","","","","","","","","","","","","","","","","","","","","","","","","","","","","","","","","","","","","","","","","","","27.2354775128513","29.2571065379985","30.8097736765812","31.5768795742587","31.2812512101299","30.1115972715532","29.8903585388351","33.2219761619291","","","","","","","",
"Honduras","HND","Central government debt, total (% of GDP)","GC.DOD.TOTL.GD.ZS","","","","","","","","","","","","","","","","","","","","","","","","","","","","","","","","","","","","","","","","","","","","","","","","","","","","","","","","","",
"Heavily indebted poor countries (HIPC)","HPC","Central government debt, total (% of GDP)","GC.DOD.TOTL.GD.ZS","","","","","","","","","","","","","","","","","","","","","","","","","","","","","","","","","","","","","","","","","","","","","","","","","","","","","","","","","",
"Croatia","HRV","Central government debt, total (% of GDP)","GC.DOD.TOTL.GD.ZS","","","","","","","","","","","","","","","","","","","","","","","","","","","","","","","","","","","","","","","","","","","","","","","","","","","","","","","","","",
"Haiti","HTI","Central government debt, total (% of GDP)","GC.DOD.TOTL.GD.ZS","","","","","","","","","","","","","","","","","","","","","","","","","","","","","","","","","","","","","","","","","","","","","","","","","","","","","","","","","",
"Hungary","HUN","Central government debt, total (% of GDP)","GC.DOD.TOTL.GD.ZS","","","","","","","","","","","","","","","","","","","","","","","","","","","","","","","","71.4388811155292","75.6995804950774","86.3689535652678","83.5658947469637","","","","","","61.0129412259297","59.2842403227054","58.977764252419","59.7715015231677","63.0485232845517","65.2587858608696","68.5545679444667","69.1686766992979","72.4526885091491","80.8622707406189","81.5471370713176","90.8947613115973","94.1728757309969","94.3421872266292","","","",
"IBRD only","IBD","Central government debt, total (% of GDP)","GC.DOD.TOTL.GD.ZS","","","","","","","","","","","","","","","","","","","","","","","","","","","","","","","","","","","","","","","","","","","","","","","","","","","","","","","","","",
"IDA & IBRD total","IBT","Central government debt, total (% of GDP)","GC.DOD.TOTL.GD.ZS","","","","","","","","","","","","","","","","","","","","","","","","","","","","","","","","","","","","","","","","","","","","","","","","","","","","","","","","","",
"IDA total","IDA","Central government debt, total (% of GDP)","GC.DOD.TOTL.GD.ZS","","","","","","","","","","","","","","","","","","","","","","","","","","","","","","","","","","","","","","","","","","","","","","","","","","","","","","","","","",
"IDA blend","IDB","Central government debt, total (% of GDP)","GC.DOD.TOTL.GD.ZS","","","","","","","","","","","","","","","","","","","","","","","","","","","","","","","","","","","","","","","","","","","","","","","","","","","","","","","","","",
"Indonesia","IDN","Central government debt, total (% of GDP)","GC.DOD.TOTL.GD.ZS","","","","","","","","","","","","","","","","","","","","","","","","","","","","","","","45.7414523316285","40.2756295663842","42.7093574260874","37.4975613971307","36.570589269125","30.8043242864055","23.923142554795","72.4853673208654","55.2040875295207","45.2079666705402","","","32.2241265309989","29.7173968369546","","","","","34.2250282105616","29.997306381567","26.1661592780012","24.8651446692594","25.0344008432508","27.7819272178664","27.4317027797376","","",
"IDA only","IDX","Central government debt, total (% of GDP)","GC.DOD.TOTL.GD.ZS","","","","","","","","","","","","","","","","","","","","","","","","","","","","","","","","","","","","","","","","","","","","","","","","","","","","","","","","","",
"Isle of Man","IMN","Central government debt, total (% of GDP)","GC.DOD.TOTL.GD.ZS","","","","","","","","","","","","","","","","","","","","","","","","","","","","","","","","","","","","","","","","","","","","","","","","","","","","","","","","","",
"India","IND","Central government debt, total (% of GDP)","GC.DOD.TOTL.GD.ZS","","","","","","","","","","","","","","","","","","","","","","","","","","","","","","","49.9080201604207","49.1481721283496","48.8246664276597","50.8677440401064","48.7395406168686","46.6731375882283","44.9352806704411","49.4974034497018","49.4519820486","50.4678992415848","54.0562653606081","58.0007544190533","61.4746936752871","61.1182275985582","61.5142061953201","61.1946742151563","59.109937754377","58.2473761975497","57.8705923208756","56.0073158259788","52.1853014202899","51.5582624312013","50.6406957660857","50.1366812547291","","","",
"Not classified","INX","Central government debt, total (% of GDP)","GC.DOD.TOTL.GD.ZS","","","","","","","","","","","","","","","","","","","","","","","","","","","","","","","","","","","","","","","","","","","","","","","","","","","","","","","","","",
"Ireland","IRL","Central government debt, total (% of GDP)","GC.DOD.TOTL.GD.ZS","","","","","","","","","","","","","","","","","","","","","","","","","","","","","","","","","","","","","","","59.9284181959568","48.474278024476","38.4231096035018","34.7152802395081","33.6202398558008","32.497909763961","30.8786200086412","30.7292341564972","26.9960013699935","26.9198025165234","46.7911460952349","66.8668796037374","83.1961700396809","110.547622192929","129.82036518055","132.416604333119","","","",
"Iran, Islamic Rep.","IRN","Central government debt, total (% of GDP)","GC.DOD.TOTL.GD.ZS","","","","","","","","","","","","","","","","","","","","","","","","","","","","","","","","","","","","","","","","","","","","","","","","","","","","","","","","","",
"Iraq","IRQ","Central government debt, total (% of GDP)","GC.DOD.TOTL.GD.ZS","","","","","","","","","","","","","","","","","","","","","","","","","","","","","","","","","","","","","","","","","","","","","","","","","","","","","","","","","",
"Iceland","ISL","Central government debt, total (% of GDP)","GC.DOD.TOTL.GD.ZS","","","","","","","","","","","","","","","","","","","","","","","","","","","","","","","29.6721344078099","31.0615890664396","37.344016531192","42.7130628538998","43.7473677359285","45.969382263613","45.2366788678604","68.227289184141","63.4404502254123","59.5145645169032","58.9168285998116","61.0906710864634","57.2616964488572","55.0823074714136","48.7055110478014","38.3240207031946","43.344636015646","41.2057866237481","79.6043298425733","99.256482079772","105.877284423531","113.027600478563","112.512080854614","","","","",
"Israel","ISR","Central government debt, total (% of GDP)","GC.DOD.TOTL.GD.ZS","","","","","","","","","","","","","","","","","","","","","","","","","","","","","","","156.096987765343","141.262096220932","137.871126354851","135.504034233077","125.777230521117","104.776837321782","102.951485018524","97.422476892394","98.2878081581841","91.4080919327981","","","","","","","","","","","","","","","","","",
"Italy","ITA","Central government debt, total (% of GDP)","GC.DOD.TOTL.GD.ZS","","","","","","","","","","","","","","","","","","","","","","","","","","","","","","","","71.659462435417","77.720024488216","","","","","","","","","","","","","","","","","","114.68172942796","108.349261373723","127.035920607563","134.846146416318","","","",
"Jamaica","JAM","Central government debt, total (% of GDP)","GC.DOD.TOTL.GD.ZS","","","","","","","","","","","","","","","","","","","","","","","","","","","","","","","","","120.424330013216","118.720601302866","104.544069548531","94.8828202875582","81.0447929289323","82.8598782475574","82.0913529021296","89.5281907457786","98.9506794652664","118.700276260575","127.772908818658","127.433181704735","122.008123200265","121.002433326288","117.694967462924","112.990497181674","120.417268206609","","","","","","","","",
"Jordan","JOR","Central government debt, total (% of GDP)","GC.DOD.TOTL.GD.ZS","","","","","","","","","","","","","","","","","","","","","","","","","","","","","","","128.799600549744","129.999664638269","152.590894000415","125.613246969663","116.419017047118","105.065233137967","106.221104091568","100.405319124144","101.193687214618","99.9357128235276","93.742725126687","90.8508319757676","85.0926479784562","88.9387040450809","89.0545402108394","79.9519239759384","72.6251284089187","69.9588214318448","56.7848801527491","61.0105537343652","61.3734600444982","61.8545480846002","66.8235275907244","","","","",
"Japan","JPN","Central government debt, total (% of GDP)","GC.DOD.TOTL.GD.ZS","","","","","","","","","","","","","","","","","","","","","","","","","","","","","","","","","","","","","","","","","","","","","","","","","","","168.474953427964","181.776058004695","187.721483796983","191.916698663449","","","",
"Kazakhstan","KAZ","Central government debt, total (% of GDP)","GC.DOD.TOTL.GD.ZS","","","","","","","","","","","","","","","","","","","","","","","","","","","","","","","","","","","","","","","","","","","","","","","","","","","9.52296325134078","8.80131007226425","10.4981138465889","10.8406391538642","12.6469696266918","33.0492916670246","",
"Kenya","KEN","Central government debt, total (% of GDP)","GC.DOD.TOTL.GD.ZS","","","","","","","","","","","","","","","","","","","","","","","","","","","","","","","","","","","","","","","52.8017948110984","52.6441122981334","","","","","","","","","","","","","","","","","",
"Kyrgyz Republic","KGZ","Central government debt, total (% of GDP)","GC.DOD.TOTL.GD.ZS","","","","","","","","","","","","","","","","","","","","","","","","","","","","","","","","","","","","45.6051681315074","71.4341882022112","73.9064124331529","111.21691914316","132.733817753771","114.534392410236","99.330971951713","","","","","","","","","","","","42.8083946063945","37.8705870315003","","",
"Cambodia","KHM","Central government debt, total (% of GDP)","GC.DOD.TOTL.GD.ZS","","","","","","","","","","","","","","","","","","","","","","","","","","","","","","","","","","","","","","","","","","","","","","","","","","","","","","","","","",
"Kiribati","KIR","Central government debt, total (% of GDP)","GC.DOD.TOTL.GD.ZS","","","","","","","","","","","","","","","","","","","","","","","","","","","","","","","","","","","","","","","","","","","","","","","","","","","","","","","","","",
"St. Kitts and Nevis","KNA","Central government debt, total (% of GDP)","GC.DOD.TOTL.GD.ZS","","","","","","","","","","","","","","","","","","","","","","","","","","","","","","","","","","","","","","","","","","","","","","","","","","","115.8419713991","114.342255565334","108.852569063844","74.4862943291781","","","",
"Korea, Rep.","KOR","Central government debt, total (% of GDP)","GC.DOD.TOTL.GD.ZS","","","","","","","","","","","","","","","","","","","","","","","","","","","","","","","7.40648120444756","10.191202501988","9.9772125171086","9.21692089111523","8.26654156239426","7.31048477482654","6.93982497887893","8.82340805425519","","","","","","","","","","","","","","","33.8831727983299","36.6739436147754","38.3878017121372","","",
"Kuwait","KWT","Central government debt, total (% of GDP)","GC.DOD.TOTL.GD.ZS","","","","","","","","","","","","","","","","","","","","","","","","","","","","","","","","","","","","","","","","","","","","","","","","","","","","","","","","","",
"Latin America & Caribbean (excluding high income)","LAC","Central government debt, total (% of GDP)","GC.DOD.TOTL.GD.ZS","","","","","","","","","","","","","","","","","","","","","","","","","","","","","","","","","","","","","","","","","","","","","","","","","","","","","","","","","",
"Lao PDR","LAO","Central government debt, total (% of GDP)","GC.DOD.TOTL.GD.ZS","","","","","","","","","","","","","","","","","","","","","","","","","","","","","","","","","","","","","","","","","","","","","","","","","","","","","","","","","",
"Lebanon","LBN","Central government debt, total (% of GDP)","GC.DOD.TOTL.GD.ZS","","","","","","","","","","","","","","","","","","","","","","","","","","","","","","","","","","","","","","96.9088659793814","106.957053807029","128.641269114899","","","","","","","","","","","","","","","","","",
"Liberia","LBR","Central government debt, total (% of GDP)","GC.DOD.TOTL.GD.ZS","","","","","","","","","","","","","","","","","","","","","","","","","","","","","","","","","","","","","","","","","","","","","","","","","","","","0.466855406539194","0.444566592616702","","","","",
"Libya","LBY","Central government debt, total (% of GDP)","GC.DOD.TOTL.GD.ZS","","","","","","","","","","","","","","","","","","","","","","","","","","","","","","","","","","","","","","","","","","","","","","","","","","","","","","","","","",
"St. Lucia","LCA","Central government debt, total (% of GDP)","GC.DOD.TOTL.GD.ZS","","","","","","","","","","","","","","","","","","","","","","","","","","","","","","","","","","","","","","","","","","","","","","","","","","","","","","","","","",
"Latin America & Caribbean","LCN","Central government debt, total (% of GDP)","GC.DOD.TOTL.GD.ZS","","","","","","","","","","","","","","","","","","","","","","","","","","","","","","","","","","","","","","","","","","","","","","","","","","","","","","","","","",
"Least developed countries: UN classification","LDC","Central government debt, total (% of GDP)","GC.DOD.TOTL.GD.ZS","","","","","","","","","","","","","","","","","","","","","","","","","","","","","","","","","","","","","","","","","","","","","","","","","","","","","","","","","",
"Low income","LIC","Central government debt, total (% of GDP)","GC.DOD.TOTL.GD.ZS","","","","","","","","","","","","","","","","","","","","","","","","","","","","","","","","","","","","","","","","","","","","","","","","","","","","","","","","","",
"Liechtenstein","LIE","Central government debt, total (% of GDP)","GC.DOD.TOTL.GD.ZS","","","","","","","","","","","","","","","","","","","","","","","","","","","","","","","","","","","","","","","","","","","","","","","","","","","","","","","","","",
"Sri Lanka","LKA","Central government debt, total (% of GDP)","GC.DOD.TOTL.GD.ZS","","","","","","","","","","","","","","","","","","","","","","","","","","","","","","","96.5806255127663","98.4833957754233","95.3619119503954","96.7978140982655","94.8553232346257","94.6498205974494","92.343984335944","86.105931670321","89.1958239111344","95.1081546127673","96.9040326453759","103.219274149885","105.524990754701","102.270712023476","102.328536698869","90.6049131149854","88.6994841221229","84.9944169483341","","","71.5853237180347","71.1081221287126","68.7104049236057","70.8211058550634","70.7365951793945","","",
"Lower middle income","LMC","Central government debt, total (% of GDP)","GC.DOD.TOTL.GD.ZS","","","","","","","","","","","","","","","","","","","","","","","","","","","","","","","53.9886588723882","51.515236117318","51.3908330719881","53.1319828474178","","","","","56.2105660137034","53.6040369368346","","","54.1534463309703","54.7633531336026","","","","","45.8540173133751","45.0266225794132","42.3628354914756","41.7876017345865","41.1637705629594","41.586529359272","","","",
"Low & middle income","LMY","Central government debt, total (% of GDP)","GC.DOD.TOTL.GD.ZS","","","","","","","","","","","","","","","","","","","","","","","","","","","","","","","","","","","","","","","","","","","","","","","","","","","","","","","","","",
"Lesotho","LSO","Central government debt, total (% of GDP)","GC.DOD.TOTL.GD.ZS","","","","","","","","","","","","","","","","","","","","","","","","","","","","","","","","","","","","","","","","","","","","","","","","","44.4220621605053","","","","","","","","",
"Late-demographic dividend","LTE","Central government debt, total (% of GDP)","GC.DOD.TOTL.GD.ZS","","","","","","","","","","","","","","","","","","","","","","","","","","","","","","","","","","","","","","","","","","","","","","","","","","","","","","","","","",
"Lithuania","LTU","Central government debt, total (% of GDP)","GC.DOD.TOTL.GD.ZS","","","","","","","","","","","","","","","","","","","","","","","","","","","","","","","","","","","","","","14.5198598170404","14.884719716478","21.378253071533","","","","","","","","","","","40.6381461261685","40.7531983371921","46.9998411137722","43.7604995120031","","","",
"Luxembourg","LUX","Central government debt, total (% of GDP)","GC.DOD.TOTL.GD.ZS","","","","","","","","","","","","","","","","","","","","","","","","","","","","","","","2.44121449151594","1.89528354998114","2.54001606217541","2.81045771940567","","","","4.38958624230673","","","5.03313878936823","4.68331356522412","4.55296057360231","3.84233349204215","4.02550199802874","3.67532980493541","4.42019054735199","4.6814624684087","12.2940129789301","13.2307706525236","18.1877015015623","17.6330927548209","20.8807073105866","21.7430327009931","22.7620475566626","","",
"Latvia","LVA","Central government debt, total (% of GDP)","GC.DOD.TOTL.GD.ZS","","","","","","","","","","","","","","","","","","","","","","","","","","","","","","","","","","","","","","","","","","","","","","","","","","","75.1339681109169","66.049486178586","62.8972371823605","59.4476875428924","","","",
"Macao SAR, China","MAC","Central government debt, total (% of GDP)","GC.DOD.TOTL.GD.ZS","","","","","","","","","","","","","","","","","","","","","","","","","","","","","","","","","","","","","","","","","","","","","","","","","","","","","","","","","",
"St. Martin (French part)","MAF","Central government debt, total (% of GDP)","GC.DOD.TOTL.GD.ZS","","","","","","","","","","","","","","","","","","","","","","","","","","","","","","","","","","","","","","","","","","","","","","","","","","","","","","","","","",
"Morocco","MAR","Central government debt, total (% of GDP)","GC.DOD.TOTL.GD.ZS","","","","","","","","","","","","","","","","","","","","","","","","","","","","","","","87.1967599759139","62.0674162757784","70.9378689831812","74.12313156115","69.8259155220588","68.3949152787535","","64.4624151446094","61.1859346067606","61.6171338240012","","","54.0303385454133","","","","54.80562992585","50.9353977872908","45.4427659043265","47.5036306769826","50.9624992353025","55.6277203238232","","","","","",
"Monaco","MCO","Central government debt, total (% of GDP)","GC.DOD.TOTL.GD.ZS","","","","","","","","","","","","","","","","","","","","","","","","","","","","","","","","","","","","","","","","","","","","","","","","","","","","","","","","","",
"Moldova","MDA","Central government debt, total (% of GDP)","GC.DOD.TOTL.GD.ZS","","","","","","","","","","","","","","","","","","","","","","","","","","","","","","","","","","","","37.628748825235","40.1229860454116","48.087178525425","85.8247861791665","77.8983143065465","73.0188822348686","60.7753291163718","59.5592506390136","52.5339189609093","51.9546574016172","32.4252163949683","29.1790519570973","23.239752383563","18.4426494931108","27.6322264363496","26.3229814691074","23.7090558669758","24.3259057045236","23.6876927668889","24.8099955377064","","",
"Madagascar","MDG","Central government debt, total (% of GDP)","GC.DOD.TOTL.GD.ZS","","","","","","","","","","","","","","","","","","","","","","","","","","","","","","","109.409210047754","139.933075374081","131.549648490247","125.621238453398","183.65159502089","119.809562078255","","","","","111.879461393345","96.7681619993647","","","","","","","","","","","","","","","",
"Maldives","MDV","Central government debt, total (% of GDP)","GC.DOD.TOTL.GD.ZS","","","","","","","","","","","","","","","","","","","","","","","","","","","","","","","30.7823377634974","35.5734695506425","41.6154638148062","45.5515611288816","44.2117002448663","47.3520580907562","43.0352763629504","39.670387725631","40.9867359654762","40.126298421858","40.8644099852265","30.7330125615183","33.0807083599553","30.6059734150627","27.8308610158655","35.2467424059425","31.5541273913263","31.2299284403201","32.6683328704989","50.4069355337053","61.1401469945276","64.8949484385046","","","","","",
"Middle East & North Africa","MEA","Central government debt, total (% of GDP)","GC.DOD.TOTL.GD.ZS","","","","","","","","","","","","","","","","","","","","","","","","","","","","","","","","","","","","","","","","","","","","","","","","","","","","","","","","","",
"Mexico","MEX","Central government debt, total (% of GDP)","GC.DOD.TOTL.GD.ZS","","","","","","","","","","","","","","","","","","","","","","","","","","","","","","","46.3684059806746","38.0588847157036","28.1120911052451","20.2446701473608","28.1828350361042","33.9955244435466","26.0254438773894","21.5024579255104","23.3288420865441","21.2194288766551","19.7461544840953","","","","","","","","","","","","","","","","",
"Marshall Islands","MHL","Central government debt, total (% of GDP)","GC.DOD.TOTL.GD.ZS","","","","","","","","","","","","","","","","","","","","","","","","","","","","","","","","","","","","","","","","","","","","","","","","","","","","","","","","","",
"Middle income","MIC","Central government debt, total (% of GDP)","GC.DOD.TOTL.GD.ZS","","","","","","","","","","","","","","","","","","","","","","","","","","","","","","","","","","","","","","","","","","","","","","","","","","","","","","","","","",
"Macedonia, FYR","MKD","Central government debt, total (% of GDP)","GC.DOD.TOTL.GD.ZS","","","","","","","","","","","","","","","","","","","","","","","","","","","","","","","","","","","","","","","","","","","","","","","","","","","","","","","","","",
"Mali","MLI","Central government debt, total (% of GDP)","GC.DOD.TOTL.GD.ZS","","","","","","","","","","","","","","","","","","","","","","","","","","","","","","","","","","","","","","","","","","","","","","","","","","","","","","","","","",
"Malta","MLT","Central government debt, total (% of GDP)","GC.DOD.TOTL.GD.ZS","","","","","","","","","","","","","","","","","","","","","","","","","","","","","","","46.911699356094","52.9265857269406","56.8779064413714","66.640517062744","69.8052683972446","","","","","","114.197569184454","121.002320073551","","173.701241506419","179.527518537356","181.285295430535","167.963916547975","161.937241805445","72.2704202848891","77.820546965106","77.4646070540156","80.5669207882913","83.5577488625014","83.5940062310169","","","",
"Myanmar","MMR","Central government debt, total (% of GDP)","GC.DOD.TOTL.GD.ZS","","","","","","","","","","","","","","","","","","","","","","","","","","","","","","","","","","","","","","","","","","","","","","","","","","","","","","","","","",
"Middle East & North Africa (excluding high income)","MNA","Central government debt, total (% of GDP)","GC.DOD.TOTL.GD.ZS","","","","","","","","","","","","","","","","","","","","","","","","","","","","","","","","","","","","","","","","","","","","","","","","","","","","","","","","","",
"Montenegro","MNE","Central government debt, total (% of GDP)","GC.DOD.TOTL.GD.ZS","","","","","","","","","","","","","","","","","","","","","","","","","","","","","","","","","","","","","","","","","","","","","","","","","","","","","","","","","",
"Mongolia","MNG","Central government debt, total (% of GDP)","GC.DOD.TOTL.GD.ZS","","","","","","","","","","","","","","","","","","","","","","","","","","","","","","","","","20.621673383358","41.4415301033198","51.434529837839","37.0712826765271","49.4796320305737","54.6275786922475","71.5753340452053","83.9144976966664","78.41832770873","69.0997980938579","","95.7255313439215","","","50.4944776193297","43.5140123874587","","59.507115138108","","","","45.8865581444538","","","",
"Northern Mariana Islands","MNP","Central government debt, total (% of GDP)","GC.DOD.TOTL.GD.ZS","","","","","","","","","","","","","","","","","","","","","","","","","","","","","","","","","","","","","","","","","","","","","","","","","","","","","","","","","",
"Mozambique","MOZ","Central government debt, total (% of GDP)","GC.DOD.TOTL.GD.ZS","","","","","","","","","","","","","","","","","","","","","","","","","","","","","","","","","","","","","","","","","","","","","","","","","","","","","","","","","",
"Mauritania","MRT","Central government debt, total (% of GDP)","GC.DOD.TOTL.GD.ZS","","","","","","","","","","","","","","","","","","","","","","","","","","","","","","","","","","","","","","","","","","","","","","","","","","","","","","","","","",
"Mauritius","MUS","Central government debt, total (% of GDP)","GC.DOD.TOTL.GD.ZS","","","","","","","","","","","","","","","","","","","","","","","","","","","","","","","39.4252028397566","39.744025246825","31.8364393110729","30.1042199740163","30.9649091668692","32.6150707806185","35.504851626856","35.5853955031827","33.4031362621164","31.6099817936294","32.4340531071686","30.4359908391603","53.1227218346603","61.0046942913628","53.2165579094893","57.0901863961672","50.8653026427963","47.8504845010599","43.0201509917187","46.2353130698255","48.9456320200547","49.6565521538075","49.1047044866018","","","","",
"Malawi","MWI","Central government debt, total (% of GDP)","GC.DOD.TOTL.GD.ZS","","","","","","","","","","","","","","","","","","","","","","","","","","","","","","","","","","","","","","","","","","","","","","","","","","29.2734146419207","28.0301095494911","27.4257346508333","41.4204771686525","36.2569334751656","40.6328150545127","39.3534106068316","",
"Malaysia","MYS","Central government debt, total (% of GDP)","GC.DOD.TOTL.GD.ZS","","","","","","","","","","","","","","","","","","","","","","","","","","","","","","","79.5366213182624","73.3198641237983","64.3777269542942","55.6921601969883","47.6199752952011","41.0698860368945","","","","","","","43.047449486968","45.0766399690522","45.6965429987195","42.067559219836","40.5884558615108","40.0880754044549","39.7997003849611","50.8357310892119","49.5598230655171","50.0286816425423","51.646484791264","52.9993039554767","","","",
"North America","NAC","Central government debt, total (% of GDP)","GC.DOD.TOTL.GD.ZS","","","","","","","","","","","","","","","","","","","","","","","","","","","","","","39.0169632746068","42.7234180153622","46.0829754478633","48.1679803667542","50.5656381700216","49.8234259220682","49.8091814189942","49.4457965162961","46.7765083777048","43.8400031802276","40.1924073970069","35.4582670711165","52.4560034654128","53.528760697296","55.5138859396118","55.4914053418666","55.3258852264208","54.1696821841614","54.1049095013072","62.1895465712307","74.1226093308984","82.5762241607914","86.8057720779062","90.8020233742095","92.5487682271961","92.8876890115614","93.9259619385499","",
"Namibia","NAM","Central government debt, total (% of GDP)","GC.DOD.TOTL.GD.ZS","","","","","","","","","","","","","","","","","","","","","","","","","","","","","","","","","","","","","","","","","","","","","","","","","16.9935714485796","15.8082771032135","16.9449717307022","23.1056935631209","20.6628679154414","23.2639597906506","22.9538981759184","","",
"New Caledonia","NCL","Central government debt, total (% of GDP)","GC.DOD.TOTL.GD.ZS","","","","","","","","","","","","","","","","","","","","","","","","","","","","","","","","","","","","","","","","","","","","","","","","","","","","","","","","","",
"Niger","NER","Central government debt, total (% of GDP)","GC.DOD.TOTL.GD.ZS","","","","","","","","","","","","","","","","","","","","","","","","","","","","","","","","","","","","","","","","","","","","","","","","","","","","","","","","","",
"Nigeria","NGA","Central government debt, total (% of GDP)","GC.DOD.TOTL.GD.ZS","","","","","","","","","","","","","","","","","","","","","","","","","","","","","","","","","","","","","","","","","","","","66.4329719879506","53.6304036345168","28.6454509295424","11.7842071707063","12.4049045068044","11.5287728976599","15.1307318172372","9.44954280454228","10.2327048226561","10.41933684786","10.5003131923354","","","",
"Nicaragua","NIC","Central government debt, total (% of GDP)","GC.DOD.TOTL.GD.ZS","","","","","","","","","","","","","","","","","","","","","","","","","","","","","","","","","","","","","","","","","","","","","","","","","","","","","","","","","",
"Netherlands","NLD","Central government debt, total (% of GDP)","GC.DOD.TOTL.GD.ZS","","","","","","","","","","","","","","","","","","","","","","","","","","","","","","","55.5116716187006","56.0043438217052","56.8138455956962","57.2622241487492","54.9963598145135","68.4112976845832","67.7728440539177","63.7733894854519","62.9017633535826","55.0082200762707","49.2656133874629","46.0375165724067","47.0969725035945","48.2435347592422","48.7820147001846","48.2609341121572","42.6931762463485","40.2153991651448","52.8380084579364","55.1253360106228","58.7528027970965","62.9122344769018","68.482122375086","68.2837787323745","73.2479849413582","","",
"Norway","NOR","Central government debt, total (% of GDP)","GC.DOD.TOTL.GD.ZS","","","","","","","","","","","","","","","","","","","","","","","","","","","","","","","19.8470381137812","18.5942813892647","22.342831631806","31.5607902735562","30.751981347305","","","","","","23.0562517283137","19.5719624115021","28.0790504424807","36.2718737812058","38.3192084692261","35.3709160669341","48.1881559415559","44.8796771635429","43.5156846562114","35.2687465243829","35.1377887014693","20.2795657407862","20.774933832635","20.9372173275409","","","",
"Nepal","NPL","Central government debt, total (% of GDP)","GC.DOD.TOTL.GD.ZS","","","","","","","","","","","","","","","","","","","","","","","","","","","","","","","52.6205809545912","64.911430440788","61.6569229882709","63.6815382338544","66.5412100044161","66.1836432074826","65.1978803839092","59.8824296913156","66.3514434343267","64.0681097896128","64.5733198414706","58.9890808776066","63.9354609821022","62.5881953798115","59.4156672858263","51.7646230480547","49.6869680346867","42.9786611378803","43.799987249558","","33.8625212320188","","","","","","",
"Nauru","NRU","Central government debt, total (% of GDP)","GC.DOD.TOTL.GD.ZS","","","","","","","","","","","","","","","","","","","","","","","","","","","","","","","","","","","","","","","","","","","","","","","","","","","","","","","","","",
"New Zealand","NZL","Central government debt, total (% of GDP)","GC.DOD.TOTL.GD.ZS","","","","","","","","","","","","","","","","","","","","","","","","","","","","","","","","","","","","","","","","","","","32.7761417940258","48.2453384728239","43.8675166117793","44.1701201698827","42.9262850867764","36.9415127057866","36.0560290270863","47.188881517022","49.2045014983041","62.5731847509848","66.9869955577167","59.3213778867243","56.9396874740943","57.3212286130543","",
"OECD members","OED","Central government debt, total (% of GDP)","GC.DOD.TOTL.GD.ZS","","","","","","","","","","","","","","","","","","","","","","","","","","","","","","","36.1778806714254","42.1679829286144","44.0605627155034","","","","","","","","","","","","","","","","","","85.999576832545","90.5426409964135","96.3229759333281","99.2844795260206","","","",
"Oman","OMN","Central government debt, total (% of GDP)","GC.DOD.TOTL.GD.ZS","","","","","","","","","","","","","","","","","","","","","","","","","","","","","","","19.5797814329275","27.1739130434783","30.2115750120094","27.3086851528021","29.4465806373684","27.4104501516836","25.9826702756073","23.7556449626406","28.750923681817","26.6780254519786","","","","15.6872881152172","13.853764073265","8.51811563885867","7.88007966735386","6.18534402847644","4.11989017042373","5.61560415580507","5.0391172452944","4.77451956205497","4.61389764981178","4.89753558249868","","","",
"Other small states","OSS","Central government debt, total (% of GDP)","GC.DOD.TOTL.GD.ZS","","","","","","","","","","","","","","","","","","","","","","","","","","","","","","","","","","","","","","","","","","","","","","","","","","","","","","","","","",
"Pakistan","PAK","Central government debt, total (% of GDP)","GC.DOD.TOTL.GD.ZS","","","","","","","","","","","","","","","","","","","","","","","","","","","","","","","78.7725332004153","76.3809057325292","74.9108034822321","79.4185625198325","","","","","79.0846919843326","","","","","","","","","","","","","","","","","","",
"Panama","PAN","Central government debt, total (% of GDP)","GC.DOD.TOTL.GD.ZS","","","","","","","","","","","","","","","","","","","","","","","","","","","","","","","","","","","","","","","","","","","","","","","","","","","","","","","","","",
"Peru","PER","Central government debt, total (% of GDP)","GC.DOD.TOTL.GD.ZS","","","","","","","","","","","","","","","","","","","","","","","","","","","","","","","189.246285557587","77.4708244196928","79.7592532715523","69.961252066069","55.4915347082036","","","","","","","","","","","","32.5394575436311","28.5288183926826","26.076322347553","26.4008658753596","23.6817913396941","20.7202165724133","19.2166594587652","18.3905633306831","19.3186117220959","22.6493603114222","",
"Philippines","PHL","Central government debt, total (% of GDP)","GC.DOD.TOTL.GD.ZS","","","","","","","","","","","","","","","","","","","","","","","","","","","","","","","51.3017098372967","49.6981196479839","52.7731308807089","67.1312896883395","56.4165010762393","61.0637419325051","53.1896173066989","55.6537713305447","60.1252681647705","54.5186939614351","60.5105553062874","61.3278693172413","67.0613745689193","73.7694148217931","74.4458995436298","68.4819007984255","61.416189810093","53.860976252573","54.6685131847371","54.7789752484403","52.4038595519936","50.999369434005","51.4824181483557","49.236877231987","45.3548357252452","","",
"Palau","PLW","Central government debt, total (% of GDP)","GC.DOD.TOTL.GD.ZS","","","","","","","","","","","","","","","","","","","","","","","","","","","","","","","","","","","","","","","","","","","","","","","","","","","","","","","","","",
"Papua New Guinea","PNG","Central government debt, total (% of GDP)","GC.DOD.TOTL.GD.ZS","","","","","","","","","","","","","","","","","","","","","","","","","","","","","","","48.9532540146935","46.6108276015088","44.8643144683874","44.3261901337552","53.5450156411045","53.6620013882835","55.6433690965017","62.4046556302616","66.3501460864216","63.5373009220453","57.7415312557776","68.2675567269125","69.7344601261207","","","","","","","","","","","","","","",
"Poland","POL","Central government debt, total (% of GDP)","GC.DOD.TOTL.GD.ZS","","","","","","","","","","","","","","","","","","","","","","","","","","","","","","","","","","","60.4543984704576","48.5277776971884","43.0411713688077","42.4783679414329","39.1704574891638","39.6190628959121","36.2742158301117","32.9460559633322","41.2744859779649","44.9880013712719","44.1351164231316","46.5746495596021","46.5920562634602","42.4462679089428","44.267609280684","47.0722368620501","50.973121787425","51.5690130219752","55.141488358848","55.5747621076723","","","",
"Pre-demographic dividend","PRE","Central government debt, total (% of GDP)","GC.DOD.TOTL.GD.ZS","","","","","","","","","","","","","","","","","","","","","","","","","","","","","","","","","","","","","","","","","","","","","","","","","","","","","","","","","",
"Puerto Rico","PRI","Central government debt, total (% of GDP)","GC.DOD.TOTL.GD.ZS","","","","","","","","","","","","","","","","","","","","","","","","","","","","","","","","","","","","","","","","","","","","","","","","","","","","","","","","","",
"Korea, Dem. Peoples Rep.","PRK","Central government debt, total (% of GDP)","GC.DOD.TOTL.GD.ZS","","","","","","","","","","","","","","","","","","","","","","","","","","","","","","","","","","","","","","","","","","","","","","","","","","","","","","","","","",
"Portugal","PRT","Central government debt, total (% of GDP)","GC.DOD.TOTL.GD.ZS","","","","","","","","","","","","","","","","","","","","","","","","","","","","","","","","","","8.24492619665797","5.65684778926255","","","","","","","","","","","","","","","","100.248367958057","102.410174533787","133.881608750281","138.046002848182","","","",
"Paraguay","PRY","Central government debt, total (% of GDP)","GC.DOD.TOTL.GD.ZS","","","","","","","","","","","","","","","","","","","","","","","","","","","","","","","","","","","","","","","","","","","","","","","","","","","","","","","","","",
"West Bank and Gaza","PSE","Central government debt, total (% of GDP)","GC.DOD.TOTL.GD.ZS","","","","","","","","","","","","","","","","","","","","","","","","","","","","","","","","","","","","","","","","","","","","","","","","","","","","","","","","","",
"Pacific island small states","PSS","Central government debt, total (% of GDP)","GC.DOD.TOTL.GD.ZS","","","","","","","","","","","","","","","","","","","","","","","","","","","","","","","","","","","","","","","","","","","","","","","","","","","","","","","","","",
"Post-demographic dividend","PST","Central government debt, total (% of GDP)","GC.DOD.TOTL.GD.ZS","","","","","","","","","","","","","","","","","","","","","","","","","","","","","","","35.3628730525603","","","","","","","","","","","","","","","","","","","","86.8674035316728","91.4817147800917","97.3048561963597","100.517216802996","","","",
"French Polynesia","PYF","Central government debt, total (% of GDP)","GC.DOD.TOTL.GD.ZS","","","","","","","","","","","","","","","","","","","","","","","","","","","","","","","","","","","","","","","","","","","","","","","","","","","","","","","","","",
"Qatar","QAT","Central government debt, total (% of GDP)","GC.DOD.TOTL.GD.ZS","","","","","","","","","","","","","","","","","","","","","","","","","","","","","","","","","","","","","","","","","","","","","","","","","","","","","","","","","",
"Romania","ROU","Central government debt, total (% of GDP)","GC.DOD.TOTL.GD.ZS","","","","","","","","","","","","","","","","","","","","","","","","","","","","","","","","","","","","","","","","","","","","","","","","","","","34.5976735269332","38.846237426057","41.5775270156759","41.5027860746467","","","",
"Russian Federation","RUS","Central government debt, total (% of GDP)","GC.DOD.TOTL.GD.ZS","","","","","","","","","","","","","","","","","","","","","","","","","","","","","","","","","","","","","","","143.950258594463","100.744837452314","62.1492827420061","48.9835189409187","41.3958603941625","","","16.660868447567","9.89107286043072","7.15843296488458","6.49529517792077","8.69787049825806","9.09811373721887","8.70127941764006","8.70173755201603","9.31864945475752","11.3563620875153","13.9234031069224","",
"Rwanda","RWA","Central government debt, total (% of GDP)","GC.DOD.TOTL.GD.ZS","","","","","","","","","","","","","","","","","","","","","","","","","","","","","","","49.7969202729087","47.8601030997282","48.4289742567034","","","","","","","","","","","","","","","","","","","","","","","","",
"South Asia","SAS","Central government debt, total (% of GDP)","GC.DOD.TOTL.GD.ZS","","","","","","","","","","","","","","","","","","","","","","","","","","","","","","","54.1126812175759","53.3677179202083","52.8336790972099","55.1069827810352","50.2674596721768","48.2753951426773","46.5337555506842","50.6635431721606","53.6577249334301","51.9063020268083","55.4105400435021","57.4518218940231","60.6813090254359","60.2227989793668","62.6941006892088","61.9789843827567","59.8954934154218","58.8855388079025","57.7107245504222","56.0009563161359","52.6169590527971","52.1776634007441","51.2092559532637","50.8061834610509","","","",
"Saudi Arabia","SAU","Central government debt, total (% of GDP)","GC.DOD.TOTL.GD.ZS","","","","","","","","","","","","","","","","","","","","","","","","","","","","","","","","","","","","","","","","","","","","","","","","","","","","","","","","","",
"Sudan","SDN","Central government debt, total (% of GDP)","GC.DOD.TOTL.GD.ZS","","","","","","","","","","","","","","","","","","","","","","","","","","","","","","","","","","","","","","","","","","","","","","","","","","","","","","","","","",
"Senegal","SEN","Central government debt, total (% of GDP)","GC.DOD.TOTL.GD.ZS","","","","","","","","","","","","","","","","","","","","","","","","","","","","","","","","","","","","","85.9831588690348","85.1496801845407","82.5060671896265","83.6137059811018","73.7236277395006","68.8524846525501","","","","","","","","","","","","","","","",
"Singapore","SGP","Central government debt, total (% of GDP)","GC.DOD.TOTL.GD.ZS","","","","","","","","","","","","","","","","","","","","","","","","","","","","","","","77.8387486118459","78.962945424411","81.8417001322932","72.8302522209012","70.1990093017725","72.7150566765643","72.6539458380202","71.3323718175003","82.6190408134952","87.8619404184208","84.0527376909375","94.4715425809553","107.022478905715","109.311000628418","102.53391813017","95.2573158425833","83.3044478037771","77.6885365445431","97.1051590482255","107.336577835902","102.903421039325","106.357659320629","109.997040102462","101.860008356598","102.375820840922","","",
"Solomon Islands","SLB","Central government debt, total (% of GDP)","GC.DOD.TOTL.GD.ZS","","","","","","","","","","","","","","","","","","","","","","","","","","","","","","","","","","","","","","","","","","","","","","","","","","","","16.7136091582521","13.4027971020096","12.2625473289534","10.0701011929875","7.80417134131059","",
"Sierra Leone","SLE","Central government debt, total (% of GDP)","GC.DOD.TOTL.GD.ZS","","","","","","","","","","","","","","","","","","","","","","","","","","","","","","","99.8187750289675","74.7845791207789","113.149936246838","97.8200829244031","87.6984103991413","103.74317401083","116.247627043971","119.141294852299","187.780966340634","247.381394778853","","","","","","","","","","","","","","","","","",
"El Salvador","SLV","Central government debt, total (% of GDP)","GC.DOD.TOTL.GD.ZS","","","","","","","","","","","","","","","","","","","","","","","","","","","","","","","","","","","","","","","224.526997768229","255.207907129734","245.642259462011","31.4522142665808","55.2775972096989","50.972638518745","49.0850281359387","48.3368238776633","43.5665500493243","41.023332620406","40.644393635388","49.5368084797445","49.5207369399065","47.8298623979429","","56.3519212842236","","","",
"San Marino","SMR","Central government debt, total (% of GDP)","GC.DOD.TOTL.GD.ZS","","","","","","","","","","","","","","","","","","","","","","","","","","","","","","","","","","","","","","","","","","","16.5484665240642","34.4739340301508","41.4913517332705","51.0809939584087","62.0422677096499","61.4591916715328","59.0464083515806","","","","","","","","",
"Somalia","SOM","Central government debt, total (% of GDP)","GC.DOD.TOTL.GD.ZS","","","","","","","","","","","","","","","","","","","","","","","","","","","","","","","","","","","","","","","","","","","","","","","","","","","","","","","","","",
"Serbia","SRB","Central government debt, total (% of GDP)","GC.DOD.TOTL.GD.ZS","","","","","","","","","","","","","","","","","","","","","","","","","","","","","","","","","","","","","","","","","","","","","","","","","","","","","","","","","",
"Sub-Saharan Africa (excluding high income)","SSA","Central government debt, total (% of GDP)","GC.DOD.TOTL.GD.ZS","","","","","","","","","","","","","","","","","","","","","","","","","","","","","","","","","","","","","","","","","","","","","","","","","","","","","","","","","",
"South Sudan","SSD","Central government debt, total (% of GDP)","GC.DOD.TOTL.GD.ZS","","","","","","","","","","","","","","","","","","","","","","","","","","","","","","","","","","","","","","","","","","","","","","","","","","","","","","","","","",
"Sub-Saharan Africa","SSF","Central government debt, total (% of GDP)","GC.DOD.TOTL.GD.ZS","","","","","","","","","","","","","","","","","","","","","","","","","","","","","","","","","","","","","","","","","","","","","","","","","","","","","","","","","",
"Small states","SST","Central government debt, total (% of GDP)","GC.DOD.TOTL.GD.ZS","","","","","","","","","","","","","","","","","","","","","","","","","","","","","","","","","","","","","","","","","","","","","","","","","","","","","","","","","",
"Sao Tome and Principe","STP","Central government debt, total (% of GDP)","GC.DOD.TOTL.GD.ZS","","","","","","","","","","","","","","","","","","","","","","","","","","","","","","","","","","","","","","","","","","","","","","","","","","","","","","","","","",
"Suriname","SUR","Central government debt, total (% of GDP)","GC.DOD.TOTL.GD.ZS","","","","","","","","","","","","","","","","","","","","","","","","","","","","","","","","","","","","","","","","","","","","","","","","","","","","","","","","","",
"Slovak Republic","SVK","Central government debt, total (% of GDP)","GC.DOD.TOTL.GD.ZS","","","","","","","","","","","","","","","","","","","","","","","","","","","","","","","","","","","","","0.594624926973317","0.675287014997227","0.734163472428405","0.74197421894641","0.776142315762051","","","40.6585229935459","44.2412761521129","36.741054801008","34.9435794576239","32.6617014884365","31.8524292612261","39.6249365917072","44.2058187205885","46.7043047874116","55.5872182734004","58.4816209675861","58.7229942122703","","",
"Slovenia","SVN","Central government debt, total (% of GDP)","GC.DOD.TOTL.GD.ZS","","","","","","","","","","","","","","","","","","","","","","","","","","","","","","","","","","","","16.5819985770791","19.973909816348","20.5821131617739","21.1212635618031","21.6594806017304","","","","","","","","","","","","","","","","","",
"Sweden","SWE","Central government debt, total (% of GDP)","GC.DOD.TOTL.GD.ZS","","","","","","","","","","","","","","","","","","","","","","","","","","","","","","","","","","","","","","","","","","","","","","","","","","","42.283509574164","42.8164646881496","42.0213308727746","41.9805889213771","","","",
"Swaziland","SWZ","Central government debt, total (% of GDP)","GC.DOD.TOTL.GD.ZS","","","","","","","","","","","","","","","","","","","","","","","","","","","","","","","","","","","","","","","","22.7106420776584","","","","","","","","","","","12.4869264475251","12.1602087947417","12.9301711861896","","","","",
"Sint Maarten (Dutch part)","SXM","Central government debt, total (% of GDP)","GC.DOD.TOTL.GD.ZS","","","","","","","","","","","","","","","","","","","","","","","","","","","","","","","","","","","","","","","","","","","","","","","","","","","","","","","","","",
"Seychelles","SYC","Central government debt, total (% of GDP)","GC.DOD.TOTL.GD.ZS","","","","","","","","","","","","","","","","","","","","","","","","","","","","","","","","","","","","","","","","","","","","","","","","","176.793079435881","100.342694944941","75.3534158588627","78.8413155501667","72.9908646423057","18.856085906553","","","",
"Syrian Arab Republic","SYR","Central government debt, total (% of GDP)","GC.DOD.TOTL.GD.ZS","","","","","","","","","","","","","","","","","","","","","","","","","","","","","","","","","","","","","","","","","","","","","","","","","","","","","","","","","",
"Turks and Caicos Islands","TCA","Central government debt, total (% of GDP)","GC.DOD.TOTL.GD.ZS","","","","","","","","","","","","","","","","","","","","","","","","","","","","","","","","","","","","","","","","","","","","","","","","","","","","","","","","","",
"Chad","TCD","Central government debt, total (% of GDP)","GC.DOD.TOTL.GD.ZS","","","","","","","","","","","","","","","","","","","","","","","","","","","","","","","","","","","","","","","","","","","","","","","","","","","","","","","","","",
"East Asia & Pacific (IDA & IBRD countries)","TEA","Central government debt, total (% of GDP)","GC.DOD.TOTL.GD.ZS","","","","","","","","","","","","","","","","","","","","","","","","","","","","","","","","","","","","","","","","","","","","","","","","","","","","","","","","","",
"Europe & Central Asia (IDA & IBRD countries)","TEC","Central government debt, total (% of GDP)","GC.DOD.TOTL.GD.ZS","","","","","","","","","","","","","","","","","","","","","","","","","","","","","","","","","","","","","","","91.8806198015971","","","","","","","","","","22.5360740129687","26.9766422127897","27.1003067485271","26.866457492036","27.2239245455415","26.6917070253551","22.498599727197","","",
"Togo","TGO","Central government debt, total (% of GDP)","GC.DOD.TOTL.GD.ZS","","","","","","","","","","","","","","","","","","","","","","","","","","","","","","","","","","","","","","","","","","","","","","","","","","","","","","","","","",
"Thailand","THA","Central government debt, total (% of GDP)","GC.DOD.TOTL.GD.ZS","","","","","","","","","","","","","","","","","","","","","","","","","","","","","","","18.4477538501483","13.3655673362757","10.8789951587465","8.18621092657163","5.69321973711674","4.61010017761248","3.67349666548456","4.64153124886552","10.6698437688435","20.0057997991992","21.9645735166691","24.578278855449","30.0703562721572","27.0460226533416","24.3964383901634","25.4581349649067","24.3806272249009","22.9934516318146","22.4502103239211","26.7920965741097","26.9151471366461","28.1479610499992","28.4638710777676","29.2503174453075","30.1963477044348","","",
"Tajikistan","TJK","Central government debt, total (% of GDP)","GC.DOD.TOTL.GD.ZS","","","","","","","","","","","","","","","","","","","","","","","","","","","","","","","","","","","","","","","","151.54416908664","114.072248962732","79.8037032433071","","","","","","","","","","","","","","","",
"Turkmenistan","TKM","Central government debt, total (% of GDP)","GC.DOD.TOTL.GD.ZS","","","","","","","","","","","","","","","","","","","","","","","","","","","","","","","","","","","","","","","","","","","","","","","","","","","","","","","","","",
"Latin America & the Caribbean (IDA & IBRD countries)","TLA","Central government debt, total (% of GDP)","GC.DOD.TOTL.GD.ZS","","","","","","","","","","","","","","","","","","","","","","","","","","","","","","","","","","","","","","","","","","","","","","","","","","","","","","","","","",
"Timor-Leste","TLS","Central government debt, total (% of GDP)","GC.DOD.TOTL.GD.ZS","","","","","","","","","","","","","","","","","","","","","","","","","","","","","","","","","","","","","","","","","","","","","","","","","","","","","","","","","",
"Middle East & North Africa (IDA & IBRD countries)","TMN","Central government debt, total (% of GDP)","GC.DOD.TOTL.GD.ZS","","","","","","","","","","","","","","","","","","","","","","","","","","","","","","","","","","","","","","","","","","","","","","","","","","","","","","","","","",
"Tonga","TON","Central government debt, total (% of GDP)","GC.DOD.TOTL.GD.ZS","","","","","","","","","","","","","","","","","","","","","","","","","","","","","","","","","","","","","","","","","","","","","","","","","","","","","","","","","",
"South Asia (IDA & IBRD)","TSA","Central government debt, total (% of GDP)","GC.DOD.TOTL.GD.ZS","","","","","","","","","","","","","","","","","","","","","","","","","","","","","","","54.1126812175759","53.3677179202083","52.8336790972099","55.1069827810352","50.2674596721768","48.2753951426773","46.5337555506842","50.6635431721606","53.6577249334301","51.9063020268083","55.4105400435021","57.4518218940231","60.6813090254359","60.2227989793668","62.6941006892088","61.9789843827567","59.8954934154218","58.8855388079025","57.7107245504222","56.0009563161359","52.6169590527971","52.1776634007441","51.2092559532637","50.8061834610509","","","",
"Sub-Saharan Africa (IDA & IBRD countries)","TSS","Central government debt, total (% of GDP)","GC.DOD.TOTL.GD.ZS","","","","","","","","","","","","","","","","","","","","","","","","","","","","","","","","","","","","","","","","","","","","","","","","","","","","","","","","","",
"Trinidad and Tobago","TTO","Central government debt, total (% of GDP)","GC.DOD.TOTL.GD.ZS","","","","","","","","","","","","","","","","","","","","","","","","","","","","","","","","","","58.8864912931924","53.4380469232423","51.5122834581082","","","","","","","","","","","16.803206848237","15.928004235045","","","","","","","","","",
"Tunisia","TUN","Central government debt, total (% of GDP)","GC.DOD.TOTL.GD.ZS","","","","","","","","","","","","","","","","","","","","","","","","","","","","","","","54.7703800956018","60.6727188081937","55.4991317544397","59.3098274568642","59.0345141585198","57.518267866149","55.2965179400303","56.9353278066895","54.2817440338334","55.6386363803379","56.7214685407345","56.467642102279","55.9340939899214","55.0211600274784","53.8374194744404","52.4205297222421","48.562318473175","45.7895412461289","43.2919349060393","42.9297921509547","40.6626014003759","44.6247763295406","44.6596877243105","","","","",
"Turkey","TUR","Central government debt, total (% of GDP)","GC.DOD.TOTL.GD.ZS","","","","","","","","","","","","","","","","","","","","","","","","","","","","","","","30.2454942016516","32.1299111323629","34.0172750620102","33.6982232562415","44.0175057105221","35.8414007648945","37.9207501444174","44.2932887174408","31.0482063402423","","","","","","","","","","43.479969290954","52.9440405155387","50.0749296039808","45.5186858693388","43.525738119276","38.0102144234847","36.9136260034774","","",
"Tuvalu","TUV","Central government debt, total (% of GDP)","GC.DOD.TOTL.GD.ZS","","","","","","","","","","","","","","","","","","","","","","","","","","","","","","","","","","","","","","","","","","","","","","","","","","","","","","","","","",
"Tanzania","TZA","Central government debt, total (% of GDP)","GC.DOD.TOTL.GD.ZS","","","","","","","","","","","","","","","","","","","","","","","","","","","","","","","","","","","","","","","","","","","","","","","","","","","","","","","","","",
"Uganda","UGA","Central government debt, total (% of GDP)","GC.DOD.TOTL.GD.ZS","","","","","","","","","","","","","","","","","","","","","","","","","","","","","","","","","","","","","","","57.0469931640302","46.4462408361585","42.9265884592521","","","","69.3423614438549","64.9470689673927","57.9277474414141","26.4924032713057","33.1931998927099","28.4665337207591","27.5429211009086","35.0794651885969","32.8313091696612","","29.4045643713676","","",
"Ukraine","UKR","Central government debt, total (% of GDP)","GC.DOD.TOTL.GD.ZS","","","","","","","","","","","","","","","","","","","","","","","","","","","","","","","","","","","","","","","","60.976448181234","45.2874698653496","","","","","","","","13.826704329702","24.8751238579069","29.9695556383217","27.4827594960273","33.7031001609632","37.0287155729123","63.6653191884884","","",
"Upper middle income","UMC","Central government debt, total (% of GDP)","GC.DOD.TOTL.GD.ZS","","","","","","","","","","","","","","","","","","","","","","","","","","","","","","","","","","","","","","","","","","","","","","","","","","","","","","","","","",
"Uruguay","URY","Central government debt, total (% of GDP)","GC.DOD.TOTL.GD.ZS","","","","","","","","","","","","","","","","","","","","","","","","","","","","","","","31.5959630364015","24.5905757591411","23.6047773194107","21.8791430371302","24.5301880718095","","","","","","","40.6433348596506","95.2678607204109","105.602780852245","85.425594123742","76.1144597080025","69.0268963476743","58.5120605304436","57.2526825176099","49.2733292135984","44.2227017546251","45.3514512209494","43.4034504514938","42.7408509975012","44.3579613640866","","",
"United States","USA","Central government debt, total (% of GDP)","GC.DOD.TOTL.GD.ZS","","","","","","","","","","","","","","","","","","","","","","","","","","","","","","39.0169632746068","40.8213674886351","43.9480256292352","45.9165424306183","48.1047485883271","47.2140603974275","47.0597829348935","46.5855106558467","43.9588012566627","41.0099142187712","37.612270180477","33.158223429011","51.993697127725","53.5029060313656","55.9686534319896","56.3840537394598","56.2891265633632","55.2941608650416","55.6342869536357","64.0318000742191","76.3153213328849","85.6015942399721","90.1787970892502","94.3979095346994","96.6088043405521","97.0981198696978","97.8324741936528","",
"Uzbekistan","UZB","Central government debt, total (% of GDP)","GC.DOD.TOTL.GD.ZS","","","","","","","","","","","","","","","","","","","","","","","","","","","","","","","","","","","","","","","","","","","","","","","","","","","","","","","","","",
"St. Vincent and the Grenadines","VCT","Central government debt, total (% of GDP)","GC.DOD.TOTL.GD.ZS","","","","","","","","","","","","","","","","","","","","","","","","","","","","","","","","","","","","","","","","","","","","","","","","","","","","","","","","","",
"Venezuela, RB","VEN","Central government debt, total (% of GDP)","GC.DOD.TOTL.GD.ZS","","","","","","","","","","","","","","","","","","","","","","","","","","","","","","","","","","","","","","","","","","","","","","","","","","","","","","","","","",
"British Virgin Islands","VGB","Central government debt, total (% of GDP)","GC.DOD.TOTL.GD.ZS","","","","","","","","","","","","","","","","","","","","","","","","","","","","","","","","","","","","","","","","","","","","","","","","","","","","","","","","","",
"Virgin Islands (U.S.)","VIR","Central government debt, total (% of GDP)","GC.DOD.TOTL.GD.ZS","","","","","","","","","","","","","","","","","","","","","","","","","","","","","","","","","","","","","","","","","","","","","","","","","","","","","","","","","",
"Vietnam","VNM","Central government debt, total (% of GDP)","GC.DOD.TOTL.GD.ZS","","","","","","","","","","","","","","","","","","","","","","","","","","","","","","","","","","","","","","","","","","","","","","","","","","","","","","","","","",
"Vanuatu","VUT","Central government debt, total (% of GDP)","GC.DOD.TOTL.GD.ZS","","","","","","","","","","","","","","","","","","","","","","","","","","","","","","","24.9665623988782","","","","","25.7788963886664","23.814391588478","24.893760539629","28.4022961014111","27.3040009250694","","","","","","","","","","","","","","","","","",
"World","WLD","Central government debt, total (% of GDP)","GC.DOD.TOTL.GD.ZS","","","","","","","","","","","","","","","","","","","","","","","","","","","","","","","","","","","","","","","","","","","","","","","","","","","78.7533088763837","82.5251787977791","87.6072748324481","89.5328227020851","","","",
"Samoa","WSM","Central government debt, total (% of GDP)","GC.DOD.TOTL.GD.ZS","","","","","","","","","","","","","","","","","","","","","","","","","","","","","","","","","","","","","","","","","","","","","","","","","","","","49.1185128439448","52.058894845589","55.6893850531865","54.868552954672","","",
"Kosovo","XKX","Central government debt, total (% of GDP)","GC.DOD.TOTL.GD.ZS","","","","","","","","","","","","","","","","","","","","","","","","","","","","","","","","","","","","","","","","","","","","","","","","","","","","","","","","","",
"Yemen, Rep.","YEM","Central government debt, total (% of GDP)","GC.DOD.TOTL.GD.ZS","","","","","","","","","","","","","","","","","","","","","","","","","","","","","","","","","","","","","","","","","","","","","","","","","","","","","","","","","",
"South Africa","ZAF","Central government debt, total (% of GDP)","GC.DOD.TOTL.GD.ZS","","","","","","","","","","","","","","","","","","","","","","","","","","","","","","","36.4562360362991","38.138741735385","41.5514791953432","43.7839909255581","49.2297233691435","49.5658734031935","48.9129336121373","47.8134180071385","49.5832884842448","46.7729069069892","44.1132419058837","","","","","","","","26.0184713287898","","","","","","","","",
"Zambia","ZMB","Central government debt, total (% of GDP)","GC.DOD.TOTL.GD.ZS","","","","","","","","","","","","","","","","","","","","","","","","","","","","","","","244.380536439033","277.530307986502","164.700753558863","161.786076869106","149.209889858483","155.279224614308","175.934490736564","150.072548942759","161.232157851948","","","","","","","","","","","","","","","","","","",
"Zimbabwe","ZWE","Central government debt, total (% of GDP)","GC.DOD.TOTL.GD.ZS","","","","","","","","","","","","","","","","","","","","","","","","","","","","","","","48.4404956992584","54.9036239705362","59.3143780924241","58.9767183387326","55.43439299903","77.088212828816","62.1851060072514","57.4067978726188","","","","","","","","","","","","","","","","","","","",
